brand,name,image_filename,has_image
LaCroix,Pamplemousse,lacroix__pamplemousse.webp,True
LaCroix,Lime,lacroix__lime.webp,True
LaCroix,Lemon,lacroix__lemon.webp,True
LaCroix,Orange,lacroix__orange.webp,True
LaCroix,Berry,lacroix__berry.webp,True
LaCroix,Coconut,lacroix__coconut.webp,True
LaCroix,Cherry Lime,lacroix__cherry-lime.webp,True
LaCroix,Key Lime,lacroix__key-lime.webp,True
LaCroix,Tangerine,lacroix__tangerine.webp,True
LaCroix,Passionfruit,lacroix__passionfruit.webp,True
LaCroix,Peach-Pear,lacroix__peach-pear.webp,True
LaCroix,Razz-Cranberry,lacroix__razz-cranberry.webp,True
LaCroix,Pure,lacroix__pure.webp,True
LaCroix,Mojito,lacroix__mojito.webp,True
LaCroix,LimonCello,lacroix__limoncello.webp,True
LaCroix,Pastèque,lacroix__pasteque.webp,True
LaCroix,Sunshine,lacroix__sunshine.webp,True
LaCroix,Beach Plum,lacroix__beach-plum.webp,True
LaCroix,Black Razzberry,lacroix__black-razzberry.webp,True
LaCroix,Blackberry Cucumber,lacroix__blackberry-cucumber.webp,True
LaCroix,Pineapple Coconut,lacroix__pineapple-coconut.webp,True
LaCroix,Strawberry Peach,lacroix__strawberry-peach.webp,True
LaCroix,Guava São Paulo,lacroix__guava-sao-paulo.webp,True
Bubly,Blackberry,bubly__blackberry.webp,True
Bubly,Lime,bubly__lime.webp,True
Bubly,Cherry,bubly__cherry.webp,True
Bubly,Grapefruit,bubly__grapefruit.webp,True
Bubly,Raspberry,bubly__raspberry.webp,True
Bubly,Strawberry,bubly__strawberry.webp,True
Bubly,Mango,bubly__mango.webp,True
Bubly,Cranberry,bubly__cranberry.webp,True
Bubly,Pineapple,bubly__pineapple.webp,True
Bubly,Apple,bubly__apple.webp,True
Bubly,Peach,bubly__peach.webp,True
Bubly,Watermelon,bubly__watermelon.webp,True
Bubly,Coconut Pineapple,bubly__coconut-pineapple.webp,True
Bubly,Orange Cream,bubly__orange-cream.webp,True
Bubly,Strawberry Sunset,bubly__strawberry-sunset.webp,True
Bubly,Bellini Bliss,bubly__bellini-bliss.webp,True
Bubly,Cosmic Swirl,bubly__cosmic-swirl.webp,True
Bubly,Dragon Fruit Stardust,bubly__dragon-fruit-stardust.webp,True
Bubly,Meteor Melon,bubly__meteor-melon.webp,True
AHA,Lime + Watermelon,aha__lime-watermelon.webp,True
AHA,Citrus + Green Tea,aha__citrus-green-tea.webp,True
AHA,Strawberry + Cucumber,aha__strawberry-cucumber.webp,True
AHA,Apple + Ginger,aha__apple-ginger.webp,True
AHA,Blueberry + Pomegranate,aha__blueberry-pomegranate.webp,True
AHA,Black Cherry + Coffee,aha__black-cherry-coffee.webp,True
AHA,Mango + Black Tea,aha__mango-black-tea.webp,True
AHA,Peach + Honey,aha__peach-honey.webp,True
AHA,Orange + Grapefruit,aha__orange-grapefruit.webp,True
AHA,Raspberry + Açaí,aha__raspberry-acai.webp,True
AHA,Pineapple + Passionfruit,aha__pineapple-passionfruit.webp,True
AHA,Mixed Berry,aha__mixed-berry.webp,True
Spindrift,Lemon,spindrift__lemon.webp,True
Spindrift,Lime,spindrift__lime.webp,True
Spindrift,Grapefruit,spindrift__grapefruit.webp,True
Spindrift,Cucumber,spindrift__cucumber.webp,True
Spindrift,Orange Mango,spindrift__orange-mango.webp,True
Spindrift,Half-and-Half,spindrift__half-and-half.webp,True
Spindrift,Raspberry Lime,spindrift__raspberry-lime.webp,True
Spindrift,Pineapple,spindrift__pineapple.webp,True
Spindrift,Strawberry,spindrift__strawberry.webp,True
Spindrift,Cranberry Raspberry,spindrift__cranberry-raspberry.webp,True
Spindrift,Blackberry,spindrift__blackberry.webp,True
Spindrift,Black Cherry Tangerine,spindrift__black-cherry-tangerine.webp,True
Polar,Lime,polar__lime.webp,True
Polar,Black Cherry,polar__black-cherry.webp,True
Polar,Lemon,polar__lemon.webp,True
Polar,Original,polar__original.webp,True
Polar,Cranberry Lime,polar__cranberry-lime.webp,True
Polar,Orange Vanilla,polar__orange-vanilla.webp,True
Polar,Mango Lemonade,polar__mango-lemonade.webp,True
Polar,Raspberry Lime,polar__raspberry-lime.webp,True
Polar,Strawberry Watermelon,polar__strawberry-watermelon.webp,True
Polar,Pomegranate,polar__pomegranate.webp,True
Polar,Blueberry Lemonade,polar__blueberry-lemonade.webp,True
Polar,Toasted Coconut,polar__toasted-coconut.webp,True
Polar,Mixed Berry,polar__mixed-berry.webp,True
Polar,Ruby Red Grapefruit,polar__ruby-red-grapefruit.webp,True
Polar,Vanilla Zen,polar__vanilla-zen.webp,True
Waterloo,Black Cherry,waterloo__black-cherry.webp,True
Waterloo,Pineapple Mango,waterloo__pineapple-mango.webp,True
Waterloo,Strawberry,waterloo__strawberry.webp,True
Waterloo,Lemon Lime,waterloo__lemon-lime.webp,True
Waterloo,Watermelon,waterloo__watermelon.webp,True
Waterloo,Coconut,waterloo__coconut.webp,True
Waterloo,Lemon,waterloo__lemon.webp,True
Waterloo,Lime,waterloo__lime.webp,True
Waterloo,Grape,waterloo__grape.webp,True
Waterloo,Blueberry,waterloo__blueberry.webp,True
Waterloo,Tangerine,waterloo__tangerine.webp,True
Waterloo,Peach,waterloo__peach.webp,True
Waterloo,Raspberry,waterloo__raspberry.webp,True
Waterloo,Pomegranate,waterloo__pomegranate.webp,True
Waterloo,Summer Berry,waterloo__summer-berry.webp,True
Waterloo,Ginger Citrus Twist,waterloo__ginger-citrus-twist.webp,True
San Pellegrino,Sparkling Mineral Water,san-pellegrino__sparkling-mineral-water.webp,True
San Pellegrino,Limonata,san-pellegrino__limonata.webp,True
San Pellegrino,Aranciata,san-pellegrino__aranciata.webp,True
San Pellegrino,Aranciata Rossa,san-pellegrino__aranciata-rossa.webp,True
San Pellegrino,Pompelmo,san-pellegrino__pompelmo.webp,True
San Pellegrino,Clementina,san-pellegrino__clementina.webp,True
San Pellegrino,Limone & Menta,san-pellegrino__limone-menta.webp,True
San Pellegrino,Pesca-Tea,san-pellegrino__pesca-tea.webp,True
San Pellegrino,Melograno & Arancia,san-pellegrino__melograno-arancia.webp,True
San Pellegrino,Ficodindia & Arancia,san-pellegrino__ficodindia-arancia.webp,True
Perrier,Original,perrier__original.webp,True
Perrier,Lime,perrier__lime.webp,True
Perrier,Lemon,perrier__lemon.webp,True
Perrier,Pomegranate,perrier__pomegranate.webp,True
Perrier,Strawberry,perrier__strawberry.webp,True
Perrier,Pineapple,perrier__pineapple.webp,True
Perrier,Grapefruit,perrier__grapefruit.webp,True
Perrier,Peach,perrier__peach.webp,True
Perrier,Watermelon,perrier__watermelon.webp,True
Topo Chico,Mineral Water,topo-chico__mineral-water.webp,True
Topo Chico,Twist of Lime,topo-chico__twist-of-lime.webp,True
Topo Chico,Twist of Grapefruit,topo-chico__twist-of-grapefruit.webp,True
Topo Chico,Strawberry Guava,topo-chico__strawberry-guava.webp,True
Topo Chico,Tangy Lemon Lime,topo-chico__tangy-lemon-lime.webp,True
Schweppes,Club Soda,schweppes__club-soda.webp,True
Schweppes,Tonic Water,schweppes__tonic-water.webp,True
Schweppes,Diet Tonic Water,schweppes__diet-tonic-water.webp,True
Schweppes,Ginger Ale,schweppes__ginger-ale.webp,True
Schweppes,Diet Ginger Ale,schweppes__diet-ginger-ale.webp,True
Schweppes,Raspberry Ginger Ale,schweppes__raspberry-ginger-ale.webp,True
Schweppes,Lemon-Lime Sparkling Water,schweppes__lemon-lime-sparkling-water.webp,True
Schweppes,Black Cherry Sparkling Water,schweppes__black-cherry-sparkling-water.webp,True
Schweppes,Raspberry Lime Sparkling Water,schweppes__raspberry-lime-sparkling-water.webp,True
Canada Dry,Ginger Ale,canada-dry__ginger-ale.webp,True
Canada Dry,Diet Ginger Ale,canada-dry__diet-ginger-ale.webp,True
Canada Dry,Cranberry Ginger Ale,canada-dry__cranberry-ginger-ale.webp,True
Canada Dry,Lemon Ginger Ale,canada-dry__lemon-ginger-ale.webp,True
Canada Dry,Tonic Water,canada-dry__tonic-water.webp,True
Canada Dry,Club Soda,canada-dry__club-soda.webp,True
Canada Dry,Bold Ginger Ale,canada-dry__bold-ginger-ale.webp,True
Liquid Death,Sparkling Water,liquid-death__sparkling-water.webp,True
Liquid Death,Severed Lime,liquid-death__severed-lime.webp,True
Liquid Death,Berry It Alive,liquid-death__berry-it-alive.webp,True
Liquid Death,Convicted Melon,liquid-death__convicted-melon.webp,True
Liquid Death,Mango Chainsaw,liquid-death__mango-chainsaw.webp,True
Sanzo,Lychee,sanzo__lychee.webp,True
Sanzo,Mango,sanzo__mango.webp,True
Sanzo,Yuzu Ginger,sanzo__yuzu-ginger.webp,True
Sanzo,Calamansi,sanzo__calamansi.webp,True
Sanzo,Strawberry Lychee,sanzo__strawberry-lychee.webp,True
Sanzo,Pomelo Pink Lemonade,sanzo__pomelo-pink-lemonade.webp,True
Nixie,Tropical Coconut,nixie__tropical-coconut.webp,True
Nixie,Tangerine,nixie__tangerine.webp,True
Nixie,Black Cherry,nixie__black-cherry.webp,True
Nixie,Lemon Lime Mint,nixie__lemon-lime-mint.webp,True
Nixie,Watermelon Strawberry,nixie__watermelon-strawberry.webp,True
Nixie,Citrus Twist,nixie__citrus-twist.webp,True
Nixie,Grapefruit,nixie__grapefruit.webp,True
Nixie,Cucumber Melon,nixie__cucumber-melon.webp,True
Hal's New York,Black Cherry,hal-s-new-york__black-cherry.webp,True
Hal's New York,Berry,hal-s-new-york__berry.webp,True
Hal's New York,Lemon-Lime,hal-s-new-york__lemon-lime.webp,True
Hal's New York,Mango,hal-s-new-york__mango.webp,True
Hal's New York,Mixed Berry,hal-s-new-york__mixed-berry.webp,True
Hal's New York,Pomegranate,hal-s-new-york__pomegranate.webp,True
Hal's New York,Raspberry,hal-s-new-york__raspberry.webp,True
Hal's New York,Strawberry,hal-s-new-york__strawberry.webp,True
Hal's New York,Watermelon,hal-s-new-york__watermelon.webp,True
Hal's New York,Apple,hal-s-new-york__apple.webp,True
Hal's New York,Mandarin Orange,hal-s-new-york__mandarin-orange.webp,True
Hal's New York,Cherry Vanilla,hal-s-new-york__cherry-vanilla.webp,True
Hal's New York,Cucumber Watermelon,hal-s-new-york__cucumber-watermelon.webp,True
Hal's New York,Vanilla Cream,hal-s-new-york__vanilla-cream.webp,True
Hal's New York,Toasted Coconut,hal-s-new-york__toasted-coconut.webp,True
Hal's New York,Blueberry Lemon,hal-s-new-york__blueberry-lemon.webp,True
Hal's New York,Lemon,hal-s-new-york__lemon.webp,True
Hal's New York,Lime,hal-s-new-york__lime.webp,True
Kirkland Signature,Sparkling Water Lime,kirkland-signature__sparkling-water-lime.webp,True
Kirkland Signature,Sparkling Water Grapefruit,kirkland-signature__sparkling-water-grapefruit.webp,True
Kirkland Signature,Sparkling Water Black Cherry,kirkland-signature__sparkling-water-black-cherry.webp,True
Kirkland Signature,Sparkling Water Original,kirkland-signature__sparkling-water-original.webp,True
Rambler,Lime,rambler__lime.webp,True
Rambler,Original,rambler__original.webp,True
Rambler,Grapefruit,rambler__grapefruit.webp,True
Rambler,Watermelon,rambler__watermelon.webp,True
Rambler,Lemon,rambler__lemon.webp,True
Rambler,Black Cherry,rambler__black-cherry.webp,True
